accounting-and-finance,Accounting and Finance
acoustical-engineering,Acoustical Engineering
actuarial-sciences,Actuarial Sciences
aeronautics-and-astronautics,Aeronautics and Astronautics
anthropology,Anthropology
applied-social-sciences,Applied Social Sciences
archaeology,Archaeology
audiology,Audiology
biochemistry,Biochemistry
biology,Biology
biomedical-sciences,Biomedical Sciences
chemistry,Chemistry
civil-engineering,Civil Engineering
computer-science-and-software-engineering,Computer Science and Software Engineering
contemporary-europe,Contemporary Europe
criminology,Criminology
criminology-and-psychological-studies,Criminology and psychological studies
economics,Economics
education-studies,Education Studies
education-studies-with-psychology,Education Studies with Psychology
electrical-and-electromechanical-engineering,Electrical and Electromechanical Engineering
electronic-engineering,Electronic Engineering
english,English
entrepreneurship,Entrepreneurship
environmental-engineering,Environmental Engineering
environmental-sciences,Environmental Sciences
fashion-textile-design,Fashion & Textile Design
fashion-marketing,Fashion Marketing
film,Film
fine-art,Fine Art
geography,Geography
geology-geophysical-sciences,Geology/Geophysical Sciences
graphic-arts-including-photography,Graphic Arts (including Photography)
healthcare-science,Healthcare Science
history,History
information-technology-in-organisations,Information Technology in Organisations
law,Law
management-and-management-sciences,Management and Management Sciences
marine-biology,Marine Biology
marketing-international,Marketing (International)
mathematics,Mathematics
mechanical-engineering,Mechanical Engineering
medicine,Medicine
modern-languages,Modern Languages
music,Music
natural-sciences,Natural Sciences
neurophysiology,Neurophysiology
nursing-and-midwifery,Nursing and Midwifery
occupational-therapy,Occupational Therapy
oceanography,Oceanography
ophthalmic-and-vision-sciences,Ophthalmic and vision sciences
pharmacology,Pharmacology
philosophy,Philosophy
physics,Physics
physiotherapy,Physiotherapy
podiatry,Podiatry
politics-and-international-relations,Politics and International Relations
population-and-geography,Population and Geography
psychology,Psychology
ship-science,Ship Science
sociology-and-social-policy,Sociology and Social Policy
zoology,Zoology
